row_id,series_id,step,event,score
0,038441c925bb,48,onset,0.3702274321573955
1,038441c925bb,54,wakeup,0.3577585586295918
